PO2211100000000016	35	22211100000000004	LBT01504	#0071 YELLOW SLEEVELESS asstd color	BOX	11112200000000010001	22222200000000010001	33332200000000010001	44442200000000010001	55552200000000010001	66662200000000010001	1/35	LBT01504	W-004	10.00
PO2211100000000016	35	22211100000000004	LBT01504	#0071 YELLOW SLEEVELESS asstd color	BOX	11112200000000010002	22222200000000010002	33332200000000010002	44442200000000010002	55552200000000010002	66662200000000010002	2/35	LBT01504	W-004	10.00
PO2211100000000016	35	22211100000000004	LBT01504	#0071 YELLOW SLEEVELESS asstd color	BOX	11112200000000010003	22222200000000010003	33332200000000010003	44442200000000010003	55552200000000010003	66662200000000010003	3/35	LBT01504	W-004	10.00
PO2211100000000016	35	22211100000000004	LBT01504	#0071 YELLOW SLEEVELESS asstd color	BOX	11112200000000010004	22222200000000010004	33332200000000010004	44442200000000010004	55552200000000010004	66662200000000010004	4/35	LBT01504	W-004	10.00
PO2211100000000016	35	22211100000000004	LBT01504	#0071 YELLOW SLEEVELESS asstd color	BOX	11112200000000010005	22222200000000010005	33332200000000010005	44442200000000010005	55552200000000010005	66662200000000010005	5/35	LBT01504	W-004	10.00
PO2211100000000016	35	22211100000000004	LBT01504	#0071 YELLOW SLEEVELESS asstd color	BOX	11112200000000010006	22222200000000010006	33332200000000010006	44442200000000010006	55552200000000010006	66662200000000010006	6/35	LBT01504	W-004	10.00
PO2211100000000016	35	22211100000000004	LBT01504	#0071 YELLOW SLEEVELESS asstd color	BOX	11112200000000010007	22222200000000010007	33332200000000010007	44442200000000010007	55552200000000010007	66662200000000010007	7/35	LBT01504	W-004	10.00
PO2211100000000016	35	22211100000000004	LBT01504	#0071 YELLOW SLEEVELESS asstd color	BOX	11112200000000010008	22222200000000010008	33332200000000010008	44442200000000010008	55552200000000010008	66662200000000010008	8/35	LBT01504	W-004	10.00
PO2211100000000016	35	22211100000000004	LBT01504	#0071 YELLOW SLEEVELESS asstd color	BOX	11112200000000010009	22222200000000010009	33332200000000010009	44442200000000010009	55552200000000010009	66662200000000010009	9/35	LBT01504	W-004	10.00
PO2211100000000016	35	22211100000000004	LBT01504	#0071 YELLOW SLEEVELESS asstd color	BOX	11112200000000010010	22222200000000010010	33332200000000010010	44442200000000010010	55552200000000010010	66662200000000010010	10/35	LBT01504	W-004	10.00
PO2211100000000016	35	22211100000000004	LBT01504	#0071 YELLOW SLEEVELESS asstd color	BOX	11112200000000010011	22222200000000010011	33332200000000010011	44442200000000010011	55552200000000010011	66662200000000010011	11/35	LBT01504	W-004	10.00
PO2211100000000016	35	22211100000000004	LBT01504	#0071 YELLOW SLEEVELESS asstd color	BOX	11112200000000010012	22222200000000010012	33332200000000010012	44442200000000010012	55552200000000010012	66662200000000010012	12/35	LBT01504	W-004	10.00
PO2211100000000016	35	22211100000000004	LBT01504	#0071 YELLOW SLEEVELESS asstd color	BOX	11112200000000010013	22222200000000010013	33332200000000010013	44442200000000010013	55552200000000010013	66662200000000010013	13/35	LBT01504	W-004	10.00
PO2211100000000016	35	22211100000000004	LBT01504	#0071 YELLOW SLEEVELESS asstd color	BOX	11112200000000010014	22222200000000010014	33332200000000010014	44442200000000010014	55552200000000010014	66662200000000010014	14/35	LBT01504	W-004	10.00
PO2211100000000016	35	22211100000000004	LBT01504	#0071 YELLOW SLEEVELESS asstd color	BOX	11112200000000010015	22222200000000010015	33332200000000010015	44442200000000010015	55552200000000010015	66662200000000010015	15/35	LBT01504	W-004	10.00
PO2211100000000016	35	22211100000000004	LBT01504	#0071 YELLOW SLEEVELESS asstd color	BOX	11112200000000010016	22222200000000010016	33332200000000010016	44442200000000010016	55552200000000010016	66662200000000010016	16/35	LBT01504	W-004	10.00
PO2211100000000016	35	22211100000000004	LBT01504	#0071 YELLOW SLEEVELESS asstd color	BOX	11112200000000010017	22222200000000010017	33332200000000010017	44442200000000010017	55552200000000010017	66662200000000010017	17/35	LBT01504	W-004	10.00
PO2211100000000016	35	22211100000000004	LBT01504	#0071 YELLOW SLEEVELESS asstd color	BOX	11112200000000010018	22222200000000010018	33332200000000010018	44442200000000010018	55552200000000010018	66662200000000010018	18/35	LBT01504	W-004	10.00
PO2211100000000016	35	22211100000000004	LBT01504	#0071 YELLOW SLEEVELESS asstd color	BOX	11112200000000010019	22222200000000010019	33332200000000010019	44442200000000010019	55552200000000010019	66662200000000010019	19/35	LBT01504	W-004	10.00
PO2211100000000016	35	22211100000000004	LBT01504	#0071 YELLOW SLEEVELESS asstd color	BOX	11112200000000010020	22222200000000010020	33332200000000010020	44442200000000010020	55552200000000010020	66662200000000010020	20/35	LBT01504	W-004	10.00
PO2211100000000016	35	22211100000000004	LBT01504	#0071 YELLOW SLEEVELESS asstd color	BOX	11112200000000010021	22222200000000010021	33332200000000010021	44442200000000010021	55552200000000010021	66662200000000010021	21/35	LBT01504	W-004	10.00
PO2211100000000016	35	22211100000000004	LBT01504	#0071 YELLOW SLEEVELESS asstd color	BOX	11112200000000010022	22222200000000010022	33332200000000010022	44442200000000010022	55552200000000010022	66662200000000010022	22/35	LBT01504	W-004	10.00
PO2211100000000016	35	22211100000000004	LBT01504	#0071 YELLOW SLEEVELESS asstd color	BOX	11112200000000010023	22222200000000010023	33332200000000010023	44442200000000010023	55552200000000010023	66662200000000010023	23/35	LBT01504	W-004	10.00
PO2211100000000016	35	22211100000000004	LBT01504	#0071 YELLOW SLEEVELESS asstd color	BOX	11112200000000010024	22222200000000010024	33332200000000010024	44442200000000010024	55552200000000010024	66662200000000010024	24/35	LBT01504	W-004	10.00
PO2211100000000016	35	22211100000000004	LBT01504	#0071 YELLOW SLEEVELESS asstd color	BOX	11112200000000010025	22222200000000010025	33332200000000010025	44442200000000010025	55552200000000010025	66662200000000010025	25/35	LBT01504	W-004	10.00
PO2211100000000016	35	22211100000000004	LBT01504	#0071 YELLOW SLEEVELESS asstd color	BOX	11112200000000010026	22222200000000010026	33332200000000010026	44442200000000010026	55552200000000010026	66662200000000010026	26/35	LBT01504	W-004	10.00
PO2211100000000016	35	22211100000000004	LBT01504	#0071 YELLOW SLEEVELESS asstd color	BOX	11112200000000010027	22222200000000010027	33332200000000010027	44442200000000010027	55552200000000010027	66662200000000010027	27/35	LBT01504	W-004	10.00
PO2211100000000016	35	22211100000000004	LBT01504	#0071 YELLOW SLEEVELESS asstd color	BOX	11112200000000010028	22222200000000010028	33332200000000010028	44442200000000010028	55552200000000010028	66662200000000010028	28/35	LBT01504	W-004	10.00
PO2211100000000016	35	22211100000000004	LBT01504	#0071 YELLOW SLEEVELESS asstd color	BOX	11112200000000010029	22222200000000010029	33332200000000010029	44442200000000010029	55552200000000010029	66662200000000010029	29/35	LBT01504	W-004	10.00
PO2211100000000016	35	22211100000000004	LBT01504	#0071 YELLOW SLEEVELESS asstd color	BOX	11112200000000010030	22222200000000010030	33332200000000010030	44442200000000010030	55552200000000010030	66662200000000010030	30/35	LBT01504	W-004	10.00
PO2211100000000016	35	22211100000000004	LBT01504	#0071 YELLOW SLEEVELESS asstd color	BOX	11112200000000010031	22222200000000010031	33332200000000010031	44442200000000010031	55552200000000010031	66662200000000010031	31/35	LBT01504	W-004	10.00
PO2211100000000016	35	22211100000000004	LBT01504	#0071 YELLOW SLEEVELESS asstd color	BOX	11112200000000010032	22222200000000010032	33332200000000010032	44442200000000010032	55552200000000010032	66662200000000010032	32/35	LBT01504	W-004	10.00
PO2211100000000016	35	22211100000000004	LBT01504	#0071 YELLOW SLEEVELESS asstd color	BOX	11112200000000010033	22222200000000010033	33332200000000010033	44442200000000010033	55552200000000010033	66662200000000010033	33/35	LBT01504	W-004	10.00
PO2211100000000016	35	22211100000000004	LBT01504	#0071 YELLOW SLEEVELESS asstd color	BOX	11112200000000010034	22222200000000010034	33332200000000010034	44442200000000010034	55552200000000010034	66662200000000010034	34/35	LBT01504	W-004	10.00
PO2211100000000016	35	22211100000000004	LBT01504	#0071 YELLOW SLEEVELESS asstd color	BOX	11112200000000010035	22222200000000010035	33332200000000010035	44442200000000010035	55552200000000010035	66662200000000010035	35/35	LBT01504	W-004	10.00
